Umpire,Games,Num. Pitches,Correct Calls Above Exp.,Accuracy,Expected Accuracy,Accuracy Above Expected,Min. Accuracy,Max. Accuracy,Num. Challenged,Num. Overturned,Chal. Win Pct.,Avg. Consistency,Avg. Favor,Clean_Metric,K_Factor
Adam Beck,5,828,11.96,94.32,92.88,1.44,91.72,97.01,18,7,0.39,95.05,0.37,0.9431999999999999,1.0103
Adam Hamari,5,800,9.87,94.0,92.77,1.23,92.36,95.76,15,8,0.53,94.5,0.62,0.94,1.0069
Adrian Johnson,6,1081,-8.48,92.51,93.29,-0.78,90.48,95.14,34,19,0.56,93.43,0.52,0.9251,0.9909
Alan Porter,5,734,14.76,95.1,93.08,2.01,94.32,95.93,12,6,0.5,95.23,0.41,0.951,1.0186
Alex MacKay,4,637,3.57,93.41,92.85,0.56,89.36,95.04,17,8,0.47,94.35,0.31,0.9340999999999999,1.0005
Alex Tosi,5,747,2.34,93.57,93.26,0.31,91.16,97.1,24,12,0.5,95.05,0.33,0.9357,1.0022
Alfonso Márquez,5,715,2.36,93.85,93.52,0.33,90.54,96.05,15,9,0.6,94.13,0.23,0.9384999999999999,1.0052
Andy Fletcher,5,820,-11.02,91.95,93.3,-1.34,89.47,93.48,25,21,0.84,94.39,0.46,0.9195,0.9849
Austin Jones,3,556,3.32,92.99,92.39,0.6,91.09,94.33,18,9,0.5,92.99,1.04,0.9299,0.996
Ben May,3,575,-2.61,92.52,92.98,-0.45,92.16,92.75,11,5,0.45,92.35,0.26,0.9251999999999999,0.991
Bill Miller,6,940,6.92,92.98,92.24,0.74,90.48,94.94,27,16,0.59,92.45,0.37,0.9298000000000001,0.9959
Brennan Miller,4,709,-6.24,92.67,93.55,-0.88,90.91,95.31,15,8,0.53,94.36,0.64,0.9267,0.9926
Brian O'Nora,5,801,-9.7,92.01,93.22,-1.21,87.58,94.22,21,10,0.48,92.26,0.33,0.9201,0.9855
Brian Walsh,4,594,-0.87,92.93,93.08,-0.15,90.67,94.56,22,15,0.68,93.77,0.62,0.9293,0.9954
Brock Ballou,4,581,1.14,92.77,92.58,0.2,90.55,94.74,16,10,0.63,93.8,0.7,0.9277,0.9937
Bruce Dreckman,6,995,3.87,92.96,92.58,0.39,92.26,93.55,30,17,0.57,92.76,0.37,0.9296,0.9957
Carlos Torres,5,788,4.85,93.15,92.53,0.62,90.91,94.29,20,10,0.5,94.8,0.42,0.9315000000000001,0.9977
CB Bucknor,2,369,-8.43,91.33,93.61,-2.29,88.34,95.89,9,7,0.78,93.22,0.53,0.9133,0.9783
Chad Fairchild,5,743,3.4,93.54,93.08,0.46,91.6,95.68,19,13,0.68,94.35,0.33,0.9354,1.0019
Chad Whitson,5,765,-0.84,93.07,93.18,-0.11,89.73,96.75,27,17,0.63,94.77,0.88,0.9307,0.9969
Charlie Ramos,5,779,-0.91,93.45,93.57,-0.12,91.96,96.38,25,17,0.68,94.74,0.69,0.9345,1.001
Chris Conroy,4,715,10.22,94.13,92.7,1.43,90.64,96.0,17,7,0.41,93.71,0.45,0.9412999999999999,1.0082
Chris Guccione,5,800,2.83,93.5,93.15,0.35,92.61,94.84,20,12,0.6,93.63,0.37,0.935,1.0015
Chris Segal,5,728,-18.61,91.07,93.63,-2.56,88.82,93.43,28,22,0.79,92.72,0.96,0.9107,0.9755
Clint Vondrak,3,437,3.55,94.74,93.93,0.81,93.84,95.24,3,2,0.67,96.11,0.61,0.9473999999999999,1.0148
Cory Blaser,4,607,-4.4,92.59,93.31,-0.72,87.97,95.63,18,11,0.61,92.59,0.16,0.9259000000000001,0.9917
D.J. Reyburn,5,807,4.1,94.05,93.54,0.51,93.12,96.32,25,14,0.56,94.3,0.34,0.9405,1.0074
Dan Bellino,4,569,-2.1,92.97,93.34,-0.37,90.48,95.9,20,13,0.65,94.38,0.35,0.9297,0.9958
Dan Iassogna,6,971,-13.75,92.07,93.49,-1.42,87.88,95.88,27,18,0.67,92.58,0.85,0.9207,0.9862
Dan Merzel,4,578,1.63,93.08,92.8,0.28,91.97,93.46,16,8,0.5,94.29,0.24,0.9308,0.997
David Rackley,5,790,6.51,93.8,92.97,0.82,92.57,95.88,19,5,0.26,92.91,0.51,0.938,1.0047
Derek Thomas,4,738,12.78,95.26,93.53,1.73,93.78,98.04,18,5,0.28,95.39,0.85,0.9526,1.0203
Dexter Kelley,1,161,4.11,96.89,94.34,2.55,96.89,96.89,5,1,0.2,96.27,0.12,0.9689,1.0378
Doug Eddings,5,886,-6.95,92.55,93.34,-0.78,90.0,95.3,24,15,0.63,93.68,0.63,0.9255,0.9913
Edwin Jimenez,3,474,5.98,94.09,92.83,1.26,93.41,94.64,7,3,0.43,94.73,0.48,0.9409000000000001,1.0078
Edwin Moscoso,5,815,17.76,95.71,93.53,2.18,94.55,98.11,22,9,0.41,94.85,0.9,0.9571,1.0252
Emil Jimenez,2,366,9.87,94.54,91.84,2.7,93.69,95.63,7,1,0.14,90.98,0.48,0.9454,1.0126
Erich Bacchus,4,599,7.87,94.66,93.34,1.31,93.33,95.49,9,1,0.11,94.99,0.56,0.9466,1.0139
Felix Neon,1,162,1.44,91.98,91.08,0.89,91.98,91.98,3,3,1.0,93.21,0.47,0.9198000000000001,0.9852
Gabe Morales,5,798,1.29,93.48,93.32,0.16,92.76,94.12,16,9,0.56,94.86,0.52,0.9348000000000001,1.0013
Hunter Wendelstedt,6,854,-12.48,91.8,93.26,-1.46,86.82,95.65,35,21,0.6,91.69,0.94,0.9179999999999999,0.9833
Jacob Metz,1,138,-1.7,92.03,93.26,-1.23,92.03,92.03,6,5,0.83,94.2,0.58,0.9203,0.9858
James Hoye,5,759,0.2,92.89,92.86,0.03,91.2,95.86,19,10,0.53,94.86,0.22,0.9289000000000001,0.995
James Jean,4,670,6.33,94.33,93.38,0.94,92.68,96.17,12,4,0.33,94.93,0.33,0.9433,1.0104
Jansen Visconti,4,607,9.52,94.73,93.16,1.57,93.96,95.57,14,4,0.29,95.72,0.58,0.9473,1.0147
Jen Pawol,1,166,-4.95,89.76,92.74,-2.98,89.76,89.76,4,2,0.5,91.57,0.34,0.8976000000000001,0.9614
Jeremie Rehak,4,666,20.07,95.2,92.18,3.01,93.48,98.65,16,6,0.38,94.89,0.24,0.9520000000000001,1.0197
Jim Wolf,3,461,-2.79,92.41,93.01,-0.6,90.74,93.3,7,6,0.86,95.88,0.64,0.9240999999999999,0.9898
John Bacon,2,330,2.86,93.64,92.77,0.87,92.67,94.44,13,7,0.54,92.42,0.62,0.9364,1.003
John Libka,5,732,5.84,94.13,93.33,0.8,91.07,97.74,15,6,0.4,94.95,0.63,0.9412999999999999,1.0082
John Tumpane,4,637,13.25,94.98,92.9,2.08,93.96,96.2,14,3,0.21,95.13,0.45,0.9498000000000001,1.0173
Jordan Baker,5,755,1.28,93.51,93.34,0.17,91.54,95.73,17,8,0.47,92.85,0.57,0.9351,1.0016
Junior Valentine,4,641,5.57,94.38,93.51,0.87,93.46,95.43,15,10,0.67,95.63,0.73,0.9438,1.0109
Lance Barksdale,6,934,1.09,92.72,92.6,0.12,87.58,96.36,23,9,0.39,92.72,0.59,0.9272,0.9931
Lance Barrett,6,913,-2.9,92.66,92.98,-0.32,91.94,94.07,29,17,0.59,94.52,0.41,0.9266,0.9925
Laz Diaz,5,773,-8.8,92.76,93.89,-1.14,91.46,94.9,21,12,0.57,94.18,0.39,0.9276000000000001,0.9936
Malachi Moore,6,947,8.54,93.45,92.55,0.9,92.11,94.44,25,13,0.52,93.88,0.5,0.9345,1.001
Manny Gonzalez,4,681,-1.74,92.22,92.47,-0.26,91.3,93.29,27,14,0.52,91.63,0.45,0.9222,0.9878
Mark Ripperger,4,666,7.19,93.54,92.46,1.08,91.0,96.39,15,6,0.4,92.34,0.5,0.9354,1.0019
Mark Wegner,6,987,4.82,93.41,92.93,0.49,90.64,95.95,21,13,0.62,93.41,0.46,0.9340999999999999,1.0005
Marvin Hudson,5,728,-2.99,92.72,93.13,-0.41,90.08,96.1,15,8,0.53,93.68,0.53,0.9272,0.9931
Mike Estabrook,5,749,-3.39,92.26,92.71,-0.45,90.07,93.7,21,16,0.76,93.72,0.25,0.9226000000000001,0.9882
Mike Muchlinski,5,738,7.73,94.04,92.99,1.05,91.11,98.28,14,7,0.5,95.12,0.27,0.9404,1.0073
Nate Tomlinson,5,806,3.18,94.04,93.65,0.39,90.86,97.2,16,8,0.5,94.79,0.76,0.9404,1.0073
Nestor Ceja,5,728,5.77,94.09,93.3,0.79,88.79,95.54,20,11,0.55,94.23,0.37,0.9409000000000001,1.0078
Nic Lentz,5,864,-5.66,92.48,93.13,-0.65,89.88,95.09,32,16,0.5,93.4,0.49,0.9248000000000001,0.9906
Nick Mahrley,4,633,7.69,94.94,93.73,1.22,92.82,96.3,13,6,0.46,93.21,0.61,0.9494,1.0169
Paul Clemons,4,530,-5.13,91.89,92.86,-0.97,87.18,95.83,11,9,0.82,92.26,0.54,0.9189,0.9843
Quinn Wolcott,6,1023,11.63,94.33,93.19,1.14,91.93,96.24,20,7,0.35,94.92,0.41,0.9433,1.0104
Ramon De Jesus,2,339,3.79,93.51,92.39,1.12,91.75,95.86,11,4,0.36,92.63,0.79,0.9351,1.0016
Rob Drake,6,919,-4.67,92.27,92.78,-0.51,90.77,94.16,27,15,0.56,93.04,0.23,0.9227,0.9883
Roberto Ortiz,5,776,-2.87,92.65,93.03,-0.37,90.51,95.93,22,11,0.5,94.97,0.33,0.9265000000000001,0.9924
Ron Kulpa,2,388,-14.35,89.43,93.13,-3.7,88.46,90.09,14,11,0.79,92.78,1.43,0.8943000000000001,0.9579
Ryan Additon,5,850,7.72,94.35,93.44,0.91,90.65,96.15,19,7,0.37,93.41,0.39,0.9434999999999999,1.0106
Ryan Blakney,5,682,0.34,93.11,93.06,0.05,91.37,94.21,19,9,0.47,93.4,0.47,0.9311,0.9973
Ryan Wills,5,802,7.17,94.51,93.62,0.89,91.23,96.77,19,13,0.68,94.39,0.39,0.9451,1.0123
Scott Barry,3,456,-0.61,92.76,92.9,-0.13,91.72,93.45,8,5,0.63,90.79,0.6,0.9276000000000001,0.9936
Sean Barber,4,675,-5.4,93.04,93.84,-0.8,91.07,94.7,15,8,0.53,95.26,0.46,0.9304000000000001,0.9966
Shane Livensparger,4,592,-1.62,92.4,92.67,-0.27,91.01,94.4,15,6,0.4,94.09,0.41,0.924,0.9897
Steven Jaschinski,1,187,1.8,93.05,92.08,0.96,93.05,93.05,7,4,0.57,94.65,0.56,0.9305,0.9967
Stu Scheurwater,4,577,-0.35,92.89,92.95,-0.06,89.63,95.95,17,10,0.59,95.49,0.75,0.9289000000000001,0.995
Todd Tichenor,6,893,4.93,93.73,93.18,0.55,92.76,95.37,20,13,0.65,93.39,0.45,0.9373,1.004
Tom Hanahan,3,489,0.43,93.87,93.78,0.09,92.86,94.97,14,9,0.64,94.07,0.46,0.9387000000000001,1.0055
Tripp Gibson,5,874,7.16,93.94,93.12,0.82,90.26,97.83,20,10,0.5,94.85,0.39,0.9394,1.0062
Tyler Jones,1,162,3.17,95.06,93.11,1.96,95.06,95.06,3,2,0.67,94.44,0.42,0.9506,1.0182
Vic Carapazza,6,966,10.4,94.0,92.92,1.08,92.07,95.42,21,9,0.43,93.48,1.06,0.94,1.0069
Will Little,5,861,14.45,93.96,92.28,1.68,93.48,95.06,20,6,0.3,93.96,0.26,0.9396,1.0064
Willie Traynor,4,725,13.32,95.59,93.75,1.84,95.26,95.94,11,5,0.45,95.59,0.14,0.9559000000000001,1.0239
